{"cameraMode":{"drawMode":0,"name":"Shaded","section":"Shading Mode"},"sceneLighting":false,"audioPlay":false,"sceneViewState":{"showFog":true,"showMaterialUpdate":false,"showSkybox":false,"showFlares":true,"showImageEffects":true,"showParticleSystems":true},"in2DMode":false,"pivot":{"x":-0.04334151744842529,"y":-3.967569589614868,"z":2.4570844173431398},"rotation":{"x":-0.4964050054550171,"y":0.17263023555278779,"z":-0.10145528614521027,"w":-0.8446908593177795},"size":8.313557624816895,"orthographic":false}